dates,o,h,l,c
2019-08-26,94.68,97.07,94.68,95.88
2019-08-27,96.08,96.37,93.7,94.21
2019-08-28,95.56,95.61,93.72,95.61
2019-08-29,86.77,88.67,85.37,85.37
2019-08-30,88.28,88.28,87.13,87.58
2019-09-03,88.81,90.85,88.21,90.85
2019-09-04,91.14,91.2,89.91,89.91
2019-09-05,90.74,90.74,88.91,89.18
2019-09-06,92.38,94.54,91.64,92.16
2019-09-09,94.05,95.91,93.64,94.71
2019-09-10,94.98,95.77,94.67,95.03
2019-09-11,93.73,102.86,92.94,92.94
2019-09-12,93.04,106.75,92.44,106.75
2019-09-13,94.44,95.77,92.71,94.11
2019-09-16,100.94,103.67,100.94,102.33
2019-09-17,101.37,104.44,99.48,104.44
2019-09-18,107.57,110.56,107.13,109.14
2019-09-19,106.8,107.99,106.63,107.72
2019-09-20,109.91,113.18,109.91,113.18
2019-09-23,111.05,112.61,108.02,108.02
2019-09-24,108.88,109.13,106.39,106.39
2019-09-25,99.54,100.04,94.36,97.19
2019-09-26,100.93,100.93,95.18,99.22
2019-09-27,94.92,95.1,94.63,94.63
2019-09-30,90.76,93.79,89.0,93.79
2019-10-01,97.0,97.3,95.96,96.15
2019-10-02,97.81,98.01,95.15,95.19
2019-10-03,96.91,98.1,95.51,95.51
2019-10-04,96.69,97.91,94.25,97.91
2019-10-07,95.12,99.61,95.12,99.4
2019-10-08,101.9,102.21,101.35,101.92
2019-10-09,104.43,108.61,104.43,108.61
2019-10-10,107.89,109.98,107.89,109.98
2019-10-11,106.78,107.74,105.89,106.36
2019-10-14,107.85,109.39,107.85,109.34
2019-10-15,110.65,111.49,107.5,111.02
2019-10-16,107.27,107.38,104.7,104.7
2019-10-17,105.63,106.76,105.63,106.61
2019-10-18,106.34,106.34,104.4,104.85
2019-10-21,104.26,105.68,103.9,105.68
2019-10-22,104.38,104.73,103.93,103.93
2019-10-23,101.56,102.04,97.77,98.44
2019-10-24,98.82,99.72,98.57,99.72
2019-10-25,98.51,99.2,98.15,99.2
2019-10-28,106.36,109.15,104.17,105.44
2019-10-29,104.29,105.79,103.5,103.97
2019-10-30,103.73,103.73,101.7,102.15
2019-10-31,103.49,103.49,100.62,102.46
2019-11-01,110.27,110.27,108.37,108.37
2019-11-04,111.88,116.26,111.23,114.86
2019-11-05,116.3,118.86,114.91,118.84
2019-11-06,120.84,121.58,117.62,119.95
2019-11-07,121.21,123.64,120.23,122.23
2019-11-08,128.64,129.48,124.08,125.35
2019-11-11,124.33,131.71,115.79,131.69
2019-11-12,132.84,132.84,123.1,129.58
2019-11-13,128.41,132.99,126.62,132.12
2019-11-14,131.58,132.16,124.5,129.19
2019-11-15,128.65,128.86,124.21,125.84
2019-11-18,122.5,123.68,111.9,117.61
2019-11-19,114.69,118.42,104.67,104.67
2019-11-20,121.26,123.4,107.94,120.91
2019-11-21,120.05,120.05,111.06,114.46
2019-11-22,109.21,109.61,99.38,99.38
2019-11-25,95.78,102.75,95.78,101.71
2019-11-26,105.48,105.48,101.1,105.07
2019-11-27,102.09,105.36,101.21,105.36
2019-11-29,106.59,114.84,106.59,114.84
2019-12-02,104.0,105.91,101.48,105.14
2019-12-03,108.41,109.05,101.96,101.96
2019-12-04,100.15,107.47,97.82,104.56
2019-12-05,102.42,104.36,101.83,104.36
2019-12-06,103.18,104.22,102.3,103.48
2019-12-09,104.61,104.61,103.5,104.37
2019-12-10,102.74,103.79,102.39,103.13
2019-12-11,103.39,103.39,102.76,103.25
2019-12-12,100.29,101.67,100.29,101.56
2019-12-13,102.74,103.04,102.13,103.04
2019-12-16,99.1,100.13,97.72,97.72
2019-12-17,92.65,93.34,90.83,90.83
2019-12-18,87.71,88.29,85.48,88.29
2019-12-19,93.24,93.45,91.56,92.41
2019-12-20,93.53,94.47,93.43,94.39
2019-12-23,96.28,97.09,95.99,97.09
2019-12-24,95.18,95.2,93.6,94.37
2019-12-26,91.43,91.43,90.74,91.12
2019-12-27,89.81,90.14,88.39,90.14
2019-12-30,93.68,96.35,93.68,93.85
2019-12-31,90.87,91.71,89.35,91.39
2020-01-02,89.42,91.16,89.29,91.16
2020-01-03,89.68,91.41,89.68,91.03
2020-01-06,91.99,99.97,91.99,94.16
2020-01-07,96.57,96.75,94.93,96.75
2020-01-08,98.79,102.15,98.79,101.72
2020-01-09,97.85,98.12,95.58,96.29
2020-01-10,96.23,98.01,95.66,98.01
2020-01-13,101.73,101.73,96.61,96.61
2020-01-14,97.53,99.27,96.9,99.27
2020-01-15,103.24,107.95,102.93,107.18
2020-01-16,116.88,118.89,116.63,117.61
2020-01-17,117.76,117.76,113.33,113.33
2020-01-21,108.11,116.23,107.6,109.48
2020-01-22,109.19,109.93,107.73,107.73
2020-01-23,105.31,105.68,102.95,102.95
2020-01-24,102.9,104.02,102.43,104.02
2020-01-27,108.86,109.16,107.07,109.16
2020-01-28,110.15,111.69,110.02,111.69
2020-01-29,112.38,113.25,110.97,110.97
2020-01-30,111.52,112.58,110.86,110.86
2020-01-31,113.21,113.51,110.6,110.75
2020-02-03,115.31,115.37,114.31,114.43
2020-02-04,116.97,117.49,114.13,115.81
2020-02-05,117.18,118.74,116.52,118.74
2020-02-06,120.74,123.42,120.74,121.34
2020-02-07,123.01,125.59,122.7,124.56
2020-02-10,128.37,128.37,120.12,121.38
2020-02-11,121.7,124.69,121.7,123.89
2020-02-12,128.03,130.75,128.03,129.77
2020-02-13,134.05,134.05,128.91,131.38
2020-02-14,130.8,134.17,130.8,134.05
2020-02-18,124.93,124.93,120.64,121.93
2020-02-19,127.39,135.18,127.39,133.51
2020-02-20,124.6,124.6,121.05,121.18
2020-02-21,137.94,141.22,137.75,137.75
2020-02-24,133.13,137.94,132.17,133.01
2020-02-25,129.64,148.19,129.64,146.22
2020-02-26,137.76,138.14,133.24,133.24
2020-02-27,131.85,137.35,131.85,137.35
2020-02-28,138.23,138.23,133.29,135.35
2020-03-02,125.11,125.43,122.79,124.72
2020-03-03,126.2,126.71,123.25,126.02
2020-03-04,126.32,127.26,121.93,125.06
2020-03-05,130.19,132.24,129.0,131.56
2020-03-06,130.93,132.71,130.93,131.01
2020-03-09,114.83,117.69,113.27,113.27
2020-03-10,117.93,120.36,117.18,120.34
2020-03-11,115.81,115.81,113.8,113.8
2020-03-12,102.61,103.0,80.24,81.09
2020-03-13,71.31,77.84,71.31,77.84
2020-03-16,70.94,70.94,58.8,61.85
2020-03-17,66.88,68.95,66.88,68.42
2020-03-18,68.16,86.02,68.16,70.65
2020-03-19,93.12,100.28,93.12,100.11
2020-03-20,114.6,116.31,110.17,111.23
2020-03-23,97.08,114.05,93.99,114.05
2020-03-24,100.65,118.1,99.59,100.74
2020-03-25,106.33,106.33,100.5,101.93
2020-03-26,106.14,123.11,105.51,110.95
2020-03-27,113.88,116.16,113.88,115.44
2020-03-30,111.29,123.52,110.32,110.86
2020-03-31,118.56,125.58,111.49,112.7
2020-04-01,110.2,124.6,109.86,111.4
2020-04-02,127.68,127.68,112.68,114.67
2020-04-03,114.87,124.69,112.62,112.62
2020-04-06,115.9,122.79,115.69,116.29
2020-04-07,129.91,131.5,117.77,122.3
2020-04-08,123.63,132.59,119.12,120.04
2020-04-09,121.15,132.96,120.38,121.28
2020-04-13,113.06,115.63,113.05,113.85
2020-04-14,132.97,132.97,117.0,118.94
2020-04-15,119.83,132.71,116.84,117.81
2020-04-16,116.79,125.16,116.79,120.49
2020-04-17,126.4,126.4,120.96,120.96
2020-04-20,142.47,143.91,135.78,137.96
2020-04-21,138.66,138.66,130.37,131.31
2020-04-22,133.32,148.64,133.32,138.24
2020-04-23,142.92,142.92,134.46,140.99
2020-04-24,140.44,141.28,136.09,136.8
2020-04-27,138.99,150.58,135.75,135.75
2020-04-28,151.22,152.34,138.84,143.39
2020-04-29,140.91,148.1,140.91,145.2
2020-04-30,152.92,152.92,142.94,145.0
2020-05-01,144.77,152.66,142.16,145.36
2020-05-04,138.38,147.62,138.38,143.01
2020-05-05,154.5,160.71,146.85,159.44
2020-05-06,159.31,168.53,156.85,162.84
2020-05-07,183.5,193.76,170.77,180.06
2020-05-08,174.67,187.33,174.67,187.33
2020-05-11,232.52,232.52,216.95,220.66
2020-05-12,216.17,224.22,204.43,214.03
2020-05-13,226.21,232.44,196.6,214.87
2020-05-14,214.28,227.35,214.28,215.86
2020-05-15,212.76,215.32,209.14,209.14
2020-05-18,215.98,222.27,199.09,218.5
2020-05-19,213.35,215.16,212.95,213.2
2020-05-20,212.21,214.54,201.9,205.26
2020-05-21,198.26,203.88,194.98,196.16
2020-05-22,200.53,217.73,200.53,217.73
2020-05-26,200.44,212.25,199.8,205.82
2020-05-27,200.94,207.61,195.68,198.15
2020-05-28,196.31,210.62,189.41,199.18
2020-05-29,205.25,205.25,191.87,199.37
2020-06-01,208.53,210.2,206.6,207.51
2020-06-02,209.91,210.51,204.22,204.22
2020-06-03,202.87,205.87,192.72,205.87
2020-06-04,215.07,220.04,212.55,216.71
2020-06-05,207.04,215.05,204.17,214.7
2020-06-08,189.92,190.97,187.79,188.13
2020-06-09,188.71,191.62,188.47,191.52
2020-06-10,198.2,200.61,198.2,200.24
2020-06-11,213.38,216.64,206.38,206.38
2020-06-12,192.73,197.58,192.73,196.66
2020-06-15,179.08,184.27,179.08,184.27
2020-06-16,192.96,195.77,192.96,194.59
2020-06-17,193.37,194.42,192.14,192.14
2020-06-18,190.05,192.21,189.72,190.36
2020-06-19,189.58,191.43,187.78,189.49
2020-06-22,190.76,193.35,190.62,193.35
2020-06-23,197.74,197.74,191.39,191.39
2020-06-24,198.08,222.22,185.19,185.19
2020-06-25,183.04,186.25,182.16,182.69
2020-06-26,178.75,180.19,178.17,178.44
2020-06-29,173.17,180.07,172.03,176.64
2020-06-30,206.73,208.61,185.07,185.07
2020-07-01,199.35,209.78,199.35,209.08
2020-07-02,207.45,213.73,207.45,210.96
2020-07-06,185.69,188.99,183.95,185.3
2020-07-07,186.39,187.47,183.42,187.47
2020-07-08,190.21,194.11,190.21,192.71
2020-07-09,191.0,192.72,185.77,185.77
2020-07-10,184.83,187.29,179.72,180.9
2020-07-13,188.39,189.8,183.11,189.55
2020-07-14,180.16,186.49,180.16,183.11
2020-07-15,184.92,187.81,181.69,182.53
2020-07-16,183.14,184.49,177.46,177.75
2020-07-17,178.01,186.25,178.01,180.05
2020-07-20,187.23,190.35,184.82,185.44
2020-07-21,188.44,196.7,188.44,189.67
2020-07-22,203.54,204.52,199.98,199.98
2020-07-23,206.8,206.8,202.22,204.18
2020-07-24,193.68,196.44,192.85,196.34
2020-07-27,193.65,195.25,187.24,187.24
2020-07-28,190.09,192.64,185.59,192.64
2020-07-29,188.95,191.5,187.5,187.5
2020-07-30,186.75,187.86,186.75,187.33
2020-07-31,190.31,190.31,188.72,189.76
2020-08-03,187.13,191.76,187.13,190.53
2020-08-04,190.16,191.4,189.81,190.1
2020-08-05,189.54,191.49,189.54,191.28
2020-08-07,192.12,193.55,189.62,189.62
2020-08-10,202.06,205.3,197.83,201.29
2020-08-11,200.01,200.01,195.34,195.34
2020-08-12,195.17,206.94,195.17,206.94
2020-08-13,312.9,320.71,282.97,320.71
2020-08-14,314.34,314.34,295.45,295.45
2020-08-17,325.27,365.66,325.27,332.84
2020-08-18,328.02,328.02,303.74,303.74
2020-08-19,278.13,293.1,278.13,292.51
2020-08-20,279.55,286.14,279.18,286.14
2020-08-21,315.5,332.27,312.23,312.23
2020-08-24,312.87,319.82,311.65,315.0
2020-08-25,306.85,307.88,296.03,296.03
2020-08-26,288.33,293.04,286.4,293.04
2020-08-27,291.85,295.26,287.3,290.24
2020-08-28,339.59,353.0,335.94,349.04
2020-08-31,327.09,340.31,327.09,333.62
2020-09-01,336.98,342.38,332.42,339.58
2020-09-02,314.53,314.53,286.11,286.11
2020-09-03,283.48,287.47,263.77,263.77
2020-09-04,242.38,253.02,239.32,239.32
2020-09-08,232.62,232.74,226.04,228.84
2020-09-09,225.84,240.56,225.84,240.56
2020-09-10,252.93,258.88,248.42,257.08
2020-09-11,255.61,264.24,252.24,264.24
2020-09-14,252.63,264.83,247.86,264.83
2020-09-15,259.72,262.5,245.57,250.53
2020-09-16,231.78,232.72,225.97,228.47
2020-09-17,233.35,233.35,227.44,231.38
2020-09-18,233.26,234.1,227.8,227.91
2020-09-21,206.84,206.84,187.92,187.92
2020-09-22,189.72,190.92,185.04,190.92
2020-09-23,188.8,192.92,187.43,190.72
2020-09-24,183.94,189.74,183.94,188.59
2020-09-25,193.15,195.08,189.06,191.24
2020-09-28,210.43,211.88,204.38,210.1
2020-09-29,198.81,212.2,198.81,207.79
2020-09-30,194.32,199.31,191.72,199.31
2020-10-01,203.61,207.52,203.61,204.78
2020-10-02,191.47,191.47,180.45,186.57
2020-10-05,183.81,187.07,181.46,185.73
2020-10-06,182.13,182.13,173.78,174.35
2020-10-07,166.35,172.89,162.56,172.53
2020-10-08,170.51,179.83,169.2,179.83
2020-10-09,176.26,189.67,176.26,189.44
2020-10-12,179.62,187.36,178.32,187.36
2020-10-13,188.59,188.59,180.41,186.76
2020-10-14,188.98,190.09,185.6,186.37
2020-10-15,180.47,181.41,177.42,179.99
2020-10-16,167.53,169.66,166.78,169.66
2020-10-19,178.06,180.17,177.23,180.17
2020-10-20,169.14,171.86,167.25,167.25
2020-10-21,171.11,174.21,170.5,174.21
2020-10-22,175.57,189.96,175.57,189.79
2020-10-23,190.27,191.78,189.32,189.72
2020-10-26,180.85,180.85,176.54,179.4
2020-10-27,178.78,183.97,175.5,182.57
2020-10-28,180.84,180.84,174.08,174.08
2020-10-29,173.52,173.52,163.79,168.37
2020-10-30,157.82,160.1,155.43,158.98
2020-11-02,162.09,162.56,154.27,154.7
2020-11-03,147.97,150.26,147.97,149.98
2020-11-04,148.12,148.12,143.07,143.07
2020-11-05,145.91,152.21,142.81,152.21
2020-11-06,165.24,174.05,164.97,173.72
2020-11-09,186.45,192.74,182.21,182.21
2020-11-10,194.44,202.43,194.44,201.12
2020-11-11,211.55,211.81,200.79,204.25
2020-11-12,200.9,202.11,193.12,193.12
2020-11-13,197.7,210.61,197.7,210.1
2020-11-16,219.49,222.23,218.81,222.23
2020-11-17,231.77,232.66,229.96,230.01
2020-11-18,225.92,230.53,219.06,219.06
2020-11-19,225.19,232.57,221.29,232.57
2020-11-20,237.84,245.62,237.84,243.56
2020-11-23,241.88,249.81,241.88,248.69
2020-11-24,247.11,257.83,240.8,244.78
2020-11-25,237.65,245.18,237.65,245.18
2020-11-27,215.29,215.29,204.53,204.65
2020-11-30,232.53,234.99,227.78,234.99
2020-12-01,237.75,243.0,223.24,232.46
2020-12-02,236.82,243.48,236.82,243.48
2020-12-03,246.32,253.93,246.32,253.93
2020-12-04,250.66,250.66,238.87,243.11
2020-12-07,242.78,246.71,240.83,246.53
2020-12-10,220.3,223.26,215.08,215.08
2020-12-11,209.1,212.91,205.57,212.25
2020-12-14,225.67,227.58,223.79,227.52
2020-12-15,232.89,235.62,232.56,233.82
2020-12-16,234.18,240.08,232.44,240.08
2020-12-17,242.36,252.22,242.36,252.22
2020-12-18,245.3,256.58,245.3,249.19
2020-12-21,244.56,246.67,227.13,227.89
2020-12-22,224.8,234.38,221.22,234.38
2020-12-23,234.57,243.47,231.99,241.59
2020-12-24,235.21,242.1,235.21,242.1
2020-12-28,250.93,258.53,250.93,257.16
2020-12-29,249.72,252.72,249.12,249.12
2020-12-30,255.63,255.63,252.17,253.9
2020-12-31,256.08,258.16,253.86,254.17
2021-01-04,266.86,266.86,263.29,264.73
2021-01-05,289.99,320.73,289.99,317.27
2021-01-06,333.94,340.12,333.94,338.99
2021-01-07,345.8,355.95,344.8,355.95
2021-01-08,342.23,350.62,342.23,350.62
2021-01-11,328.19,355.36,328.19,340.55
2021-01-12,359.66,359.66,343.82,343.82
2021-01-13,365.0,373.23,365.0,373.23
2021-01-14,381.94,389.49,380.93,388.32
2021-01-15,397.57,405.29,397.57,401.32
2021-01-19,492.13,492.89,489.62,491.05
2021-01-20,472.61,472.61,435.88,449.45
2021-01-21,452.77,452.77,438.05,449.22
2021-01-22,451.79,469.44,450.73,469.32
2021-01-25,559.7,565.56,547.67,547.67
2021-01-26,530.81,538.6,512.94,512.94
2021-01-27,578.69,578.69,550.45,550.45
2021-01-28,550.92,573.17,546.59,571.92
2021-01-29,569.09,575.08,564.82,565.56
2021-02-01,627.35,633.89,620.39,621.38
2021-02-02,645.69,646.5,641.28,643.39
2021-02-03,666.6,687.45,658.87,687.45
2021-02-04,763.78,784.0,735.92,784.0
2021-02-05,882.45,935.65,880.24,935.65
2021-02-08,896.47,921.34,885.06,897.91
2021-02-09,887.87,906.51,886.18,891.36
2021-02-10,1002.41,1002.41,939.14,939.63
2021-02-11,962.67,979.95,954.12,978.58
2021-02-12,1006.86,1012.23,989.36,989.36
2021-02-16,921.94,932.71,900.79,900.79
2021-02-17,869.67,907.31,869.67,900.28
2021-02-18,918.5,929.0,915.68,925.24
2021-02-19,895.31,912.28,895.31,897.68
2021-02-22,945.35,945.35,817.66,817.66
2021-02-23,777.65,777.65,700.12,762.02
2021-02-24,847.5,873.73,831.53,831.53
2021-02-25,832.72,848.72,808.01,848.72
2021-02-26,715.34,765.44,715.34,765.44
2021-03-01,777.13,810.07,777.13,805.81
2021-03-02,850.57,882.9,850.57,882.9
2021-03-03,883.95,893.64,871.94,871.94
2021-03-04,868.65,873.91,861.45,869.18
2021-03-05,841.24,850.59,834.52,850.59
2021-03-08,857.18,861.03,853.19,861.03
2021-03-09,874.5,880.39,874.5,877.65
2021-03-10,873.88,878.47,873.83,878.15
2021-03-11,862.67,873.61,853.29,869.59
2021-03-12,859.69,862.01,839.49,839.83
2021-03-15,829.39,839.81,824.31,839.81
2021-03-16,841.21,845.76,840.59,845.76
2021-03-17,849.84,861.91,841.08,861.91
2021-03-18,914.8,924.93,911.35,919.33
2021-03-19,912.58,919.99,912.58,919.99
2021-03-22,924.18,929.46,917.55,929.46
2021-03-23,882.51,896.78,881.92,896.78
2021-03-24,894.69,904.35,894.69,901.58
2021-03-25,823.6,829.65,803.51,811.44
2021-03-26,836.17,849.16,836.17,849.16
2021-03-29,883.93,897.37,883.93,893.18
2021-03-30,914.75,925.99,913.38,918.62
2021-03-31,919.68,919.68,889.65,918.45
2021-04-02,974.84,986.85,941.8,986.85
2021-04-05,970.01,1010.4,970.01,1010.4
2021-04-06,1019.92,1031.42,995.17,995.17
2021-04-07,979.25,979.25,909.68,932.13
2021-04-08,954.06,963.83,943.94,963.83
2021-04-09,968.63,994.17,968.63,992.43
2021-04-12,1003.6,1010.71,1000.1,1010.71
2021-04-13,1033.3,1043.28,1026.68,1043.28
2021-04-14,1067.08,1067.08,1026.35,1026.35
2021-04-15,1128.73,1184.62,1124.39,1184.62
2021-04-16,1163.46,1173.26,1125.21,1134.91
2021-04-19,1052.05,1052.05,973.38,973.38
2021-04-20,893.54,978.77,893.54,978.77
2021-04-21,987.83,1014.05,963.23,1014.05
2021-04-22,1072.15,1093.14,1050.59,1093.14
2021-04-23,882.31,956.46,882.31,929.34
2021-04-26,1020.91,1044.95,1013.86,1033.68
2021-04-27,1109.95,1123.57,1109.8,1112.33
2021-04-28,1113.34,1165.62,1106.14,1165.62
2021-04-29,1161.31,1180.83,1157.71,1160.42
2021-04-30,1155.24,1163.31,1147.01,1163.31
2021-05-03,1299.97,1309.86,1280.14,1289.1
2021-05-04,1266.94,1296.07,1246.47,1253.92
2021-05-05,1220.64,1250.56,1220.64,1243.76
2021-05-06,1240.59,1260.93,1240.59,1256.99
2021-05-07,1227.39,1270.3,1227.39,1264.76
2021-05-10,1282.98,1282.98,1236.34,1236.34
2021-05-11,1185.28,1200.25,1170.15,1192.37
2021-05-12,1347.0,1382.55,1330.76,1382.55
2021-05-13,1340.91,1340.91,1240.01,1275.88
2021-05-14,1262.85,1331.94,1262.85,1331.94
2021-05-17,1175.57,1208.71,1173.6,1173.6
2021-05-18,1285.95,1302.67,1229.27,1229.27
2021-05-19,1139.57,1145.33,800.3,849.32
2021-05-20,926.41,1004.22,900.43,1000.62
2021-05-21,936.25,952.58,865.05,865.05
2021-05-24,707.1,759.21,704.84,753.43
2021-05-25,822.97,822.97,740.79,799.0
2021-05-26,885.94,885.94,840.78,840.78
2021-05-27,855.46,900.73,855.46,900.73
2021-05-28,793.33,804.32,753.83,799.27
2021-06-01,841.58,841.58,819.07,837.01
2021-06-02,863.93,893.73,863.93,893.73
2021-06-03,911.15,920.25,890.68,890.68
2021-06-04,821.96,837.56,815.79,836.85
2021-06-07,853.45,870.18,853.44,859.91
2021-06-08,749.21,759.84,713.59,713.59
2021-06-09,760.39,774.55,750.6,760.62
2021-06-10,768.05,778.17,758.43,758.43
2021-06-11,715.37,730.52,715.37,724.5
2021-06-14,724.08,750.62,717.92,750.62
2021-06-15,754.61,756.05,737.45,737.45
2021-06-16,732.38,732.38,699.88,699.88
2021-06-17,716.34,716.34,697.32,697.32
2021-06-18,680.14,684.78,650.81,650.81
2021-06-21,577.84,577.84,541.23,557.87
2021-06-22,519.74,519.74,449.15,457.95
2021-06-23,552.46,554.6,543.52,554.6
2021-06-24,516.84,530.2,516.84,527.91
2021-06-25,527.45,527.45,497.61,497.61
2021-06-28,530.85,537.6,524.42,537.6
2021-06-29,584.1,603.97,583.04,603.97
2021-06-30,575.34,577.93,571.32,576.04
2021-07-01,599.02,599.02,586.26,587.7
2021-07-02,563.19,577.23,557.24,577.23
2021-07-06,748.0,758.05,731.61,748.97
2021-07-07,739.27,743.98,732.28,741.96
2021-07-08,683.95,683.95,675.56,677.87
2021-07-09,670.52,697.77,660.96,697.77
2021-07-12,707.75,707.75,691.03,691.53
2021-07-13,662.45,664.3,648.96,649.35
2021-07-14,605.26,637.49,605.1,637.49
2021-07-15,623.34,631.2,613.43,618.38
2021-07-16,604.95,604.95,584.56,597.47
2021-07-19,579.83,579.83,548.54,550.23
2021-07-20,519.61,519.61,507.59,512.33
2021-07-21,554.84,570.49,552.08,570.49
2021-07-22,590.88,594.86,584.28,588.02
2021-07-23,615.91,615.91,610.16,615.1
2021-07-26,682.96,692.57,679.31,684.03
2021-07-27,637.79,669.51,637.79,656.88
2021-07-28,651.77,660.24,650.07,650.07
2021-07-29,661.16,668.5,658.62,667.11
2021-07-30,685.46,685.46,660.22,664.56
2021-08-02,712.98,715.94,702.66,715.94
2021-08-03,683.84,692.28,679.68,692.28
2021-08-04,679.65,714.84,678.33,714.84
2021-08-05,745.07,770.74,734.11,770.74
2021-08-06,775.72,782.54,773.61,782.54
2021-08-09,776.77,821.13,776.77,820.03
2021-08-10,827.81,850.0,827.81,840.06
2021-08-11,871.41,887.89,865.95,887.89
2021-08-12,843.62,855.14,820.42,820.42
2021-08-13,878.97,888.36,878.97,886.12
2021-08-16,921.31,938.85,909.3,909.3
2021-08-17,881.81,927.63,881.81,906.02
2021-08-18,826.87,832.45,814.38,832.45
2021-08-19,817.16,834.12,810.88,834.12
2021-08-20,877.09,898.1,875.26,898.1
2021-08-23,923.9,928.23,917.37,917.37
2021-08-24,919.96,919.96,877.63,877.63
2021-08-25,866.34,866.34,831.89,856.97
2021-08-26,828.34,835.72,827.66,835.01
2021-08-27,825.72,852.88,825.72,852.88
2021-08-30,830.74,833.32,819.73,827.45
2021-08-31,842.59,874.48,842.59,869.49
2021-09-01,896.86,897.23,889.89,889.89
2021-09-02,913.5,920.0,913.5,918.16
2021-09-03,901.64,922.81,901.64,906.49
2021-09-07,920.18,920.18,816.59,816.59
2021-09-08,732.84,760.88,724.6,753.51
2021-09-09,776.55,793.78,774.38,793.06
2021-09-10,776.37,777.6,740.31,740.31
2021-09-13,734.37,755.79,726.39,727.86
2021-09-14,775.9,813.19,775.9,813.19
2021-09-15,847.27,857.68,843.4,857.68
2021-09-16,906.88,906.88,888.64,888.64
2021-09-17,856.13,856.13,816.55,829.52
2021-09-20,737.24,740.67,695.36,713.76
2021-09-21,702.76,714.1,697.87,697.87
2021-09-22,682.94,683.2,672.68,683.2
2021-09-23,724.44,724.44,702.9,720.41
2021-09-24,718.16,720.88,644.92,670.61
2021-09-27,721.62,728.16,714.37,714.37
2021-09-28,672.35,689.62,672.35,676.52
2021-09-29,687.88,687.88,677.78,680.94
2021-09-30,666.59,675.41,666.59,669.37
2021-10-01,698.38,730.15,698.38,719.07
2021-10-04,744.75,748.88,735.62,742.56
2021-10-05,749.01,755.62,743.4,743.4
2021-10-06,739.71,758.46,714.07,758.46
2021-10-07,751.6,762.53,751.6,756.96
2021-10-08,767.21,778.76,767.21,775.57
2021-10-11,745.88,754.2,742.11,744.74
2021-10-12,708.79,713.73,693.1,713.73
2021-10-13,722.22,729.33,722.11,724.82
2021-10-14,756.54,766.41,756.54,766.41
2021-10-15,767.41,767.41,747.64,756.85
2021-10-18,757.6,757.6,738.79,747.09
2021-10-19,748.2,751.73,744.16,744.16
2021-10-20,751.85,771.27,751.51,771.27
2021-10-21,792.45,809.14,786.21,786.21
2021-10-22,785.62,792.63,785.62,792.63
2021-10-25,808.63,811.24,805.77,808.68
2021-10-26,853.96,867.16,853.96,860.61
2021-10-27,870.24,870.24,815.37,815.37
2021-10-28,809.45,845.94,809.45,845.94
2021-10-29,838.2,843.84,837.41,837.91
2021-11-01,836.35,853.48,836.35,853.48
2021-11-02,854.13,870.04,851.77,870.04
2021-11-03,887.86,892.13,875.46,877.71
2021-11-04,886.85,886.85,874.75,877.41
2021-11-05,879.35,879.35,869.57,874.05
2021-11-08,893.37,902.19,889.26,896.98
2021-11-09,917.1,930.03,916.24,929.34
2021-11-10,892.65,907.51,891.44,907.51
2021-11-11,864.27,867.35,854.08,854.08
2021-11-12,843.19,845.17,822.5,827.58
2021-11-15,851.25,853.56,846.3,848.63
2021-11-16,777.43,778.33,737.31,768.09
2021-11-17,758.6,773.73,753.81,766.15
2021-11-18,773.1,773.1,753.64,753.64
2021-11-19,738.27,767.9,738.27,767.9
2021-11-22,756.33,771.35,756.33,771.35
2021-11-23,763.89,785.75,763.89,785.75
2021-11-24,781.64,787.47,759.19,759.19
2021-11-26,794.89,794.89,736.2,755.03
2021-11-29,766.84,766.84,753.18,760.45
2021-11-30,759.65,800.15,758.98,800.15
2021-12-01,815.68,815.68,800.5,810.44
2021-12-02,774.91,779.34,771.51,776.76
2021-12-03,769.17,772.73,766.01,766.01
2021-12-06,590.62,597.2,575.8,581.59
2021-12-07,635.46,649.71,635.46,644.59
2021-12-08,646.71,651.23,629.01,651.16
2021-12-09,653.88,653.88,634.37,634.37
2021-12-10,596.14,614.85,596.14,607.1
2021-12-13,589.2,591.66,574.76,574.76
2021-12-14,542.7,561.01,542.7,550.35
2021-12-15,564.09,574.61,564.09,568.05
2021-12-16,596.24,605.29,593.88,605.29
2021-12-17,580.39,588.66,573.72,573.72
2021-12-20,595.45,596.98,585.14,586.62
2021-12-21,618.54,625.66,618.54,623.62
2021-12-22,655.52,665.15,653.8,665.15
2021-12-23,673.72,696.35,673.72,696.35
2021-12-27,767.8,775.18,763.38,775.18
2021-12-28,729.9,735.76,718.84,718.84
2021-12-29,696.23,699.43,677.23,691.07
2021-12-30,686.72,707.5,682.95,700.57
2021-12-31,721.35,745.8,721.35,742.95
2022-01-03,764.69,793.41,764.69,793.41
2022-01-04,772.05,791.84,770.46,791.84
2022-01-05,776.12,778.63,765.36,773.66
2022-01-06,682.43,683.31,664.2,683.31
2022-01-07,638.7,664.84,638.7,653.67
2022-01-10,633.16,633.82,588.26,588.26
2022-01-11,613.89,615.28,607.23,607.23
2022-01-12,633.76,651.91,633.76,651.91
2022-01-13,646.16,659.23,646.16,659.23
2022-01-14,640.4,640.4,620.94,636.71
2022-01-18,642.65,642.65,622.0,622.0
2022-01-19,600.04,610.28,595.51,610.28
2022-01-20,604.23,618.61,602.91,618.61
2022-01-21,550.97,553.87,534.5,538.17
2022-01-24,442.99,442.99,409.65,412.2
2022-01-25,452.14,465.95,452.14,465.95
2022-01-26,467.42,490.79,467.42,490.79
2022-01-27,454.45,472.7,454.45,472.7
2022-01-28,459.56,459.56,446.9,453.98
2022-01-31,473.56,484.89,473.56,484.89
2022-02-01,516.99,519.96,511.8,519.54
2022-02-02,518.2,525.8,512.55,512.55
2022-02-03,493.4,495.02,482.44,490.69
2022-02-04,510.66,512.84,505.18,505.18
2022-02-07,551.73,556.53,546.39,556.53
2022-02-08,567.24,567.24,541.69,544.75
2022-02-09,546.38,560.52,545.74,558.84
2022-02-10,551.07,563.03,535.16,535.16
2022-02-11,533.41,539.16,533.39,539.16
2022-02-14,482.05,493.97,478.37,493.97
2022-02-15,513.69,523.06,513.69,523.06
2022-02-16,532.54,535.87,521.48,521.48
2022-02-17,532.64,532.64,517.65,517.65
2022-02-18,505.0,506.82,491.31,491.31
2022-02-22,419.85,435.84,419.85,435.84
2022-02-23,444.73,456.16,444.73,452.9
2022-02-24,380.9,393.01,380.9,393.01
2022-02-25,430.28,444.81,423.29,443.89
2022-02-28,434.69,443.59,434.17,443.59
2022-03-01,481.14,490.28,474.66,490.28
2022-03-02,480.07,489.9,480.07,489.77
2022-03-03,477.03,478.34,474.81,478.3
2022-03-04,460.14,461.73,451.99,451.99
2022-03-07,409.03,427.92,408.04,427.92
2022-03-08,425.11,436.26,425.11,434.67
2022-03-09,453.43,457.46,453.43,456.59
2022-03-10,434.04,434.04,427.74,427.74
2022-03-11,427.41,433.24,425.4,427.78
2022-03-14,419.52,422.06,417.33,417.66
2022-03-15,413.99,419.98,413.84,419.98
2022-03-16,431.25,435.31,431.25,434.72
2022-03-17,451.24,466.82,451.24,466.82
2022-03-18,471.39,473.41,468.25,472.86
2022-03-21,478.04,486.75,478.04,482.56
2022-03-22,495.09,498.83,495.09,497.7
2022-03-23,485.87,489.69,485.2,489.69
2022-03-24,499.16,500.97,494.89,500.97
2022-03-25,512.82,516.96,508.07,515.81
2022-03-28,550.31,566.46,550.31,566.46
2022-03-29,571.92,597.85,571.92,597.85
2022-03-30,610.12,615.16,604.29,604.29
2022-03-31,617.08,618.0,594.99,594.99
2022-04-01,582.77,611.95,582.77,611.95
2022-04-04,623.75,623.75,612.91,612.91
2022-04-05,620.14,620.14,605.26,605.26
2022-04-06,582.69,582.69,554.7,554.7
2022-04-07,551.6,555.8,547.53,548.69
2022-04-08,560.59,560.59,560.59,560.59
2022-04-11,513.83,513.83,507.63,507.63
2022-04-12,507.35,515.11,507.35,515.11
